<?xml version="1.0" encoding="utf-8"?>
<extension type="component" version="2.5" method="upgrade">
    <name>com_jumi</name>
    <author>Simon Poghosyan</author>
    <creationDate>January 2011</creationDate>
    <copyright>Copyright (c) 2008 - 2013 Simon Poghosyan, Edvard Ananyan. All rights reserved.</copyright>
    <license>http://www.gnu.org/copyleft/gpl.html GNU/GPL</license>
    <authorEmail>info@2glux.com</authorEmail>
    <authorUrl>http://2glux.com/</authorUrl>
    <version>3.0.3</version>
    <description><![CDATA[This component includes custom scripts (html, php, js, css, ...) into Joomla! pages.<br />Collaboration between multiple Joomla! pages and other Jumi extensions is easy.<br />For Jumi downloads and guides visit <a href="http://2glux.com/projects/jumi" target="_blank">http://2glux.com/projects/jumi</a><br />For Jumi demos, tips and tricks visit <a href="http://2glux.com/projects/jumi/tutorial" target="_blank">http://2glux.com/projects/jumi/tutorial</a>]]></description>

    <files>
        <filename>jumi.php</filename>
        <filename>controller.php</filename>
        <filename>router.php</filename>
        <filename>index.html</filename>
        <filename>release_notes.txt</filename>
        <folder>files</folder>
        <folder>views</folder>
    </files>

    <scriptfile>scriptfile.php</scriptfile>

    <install>
        <sql>
            <file driver="mysql" charset="utf8">install.jumi.sql</file>
        </sql>
    </install>

    <uninstall>
        <sql>
            <file driver="mysql" charset="utf8">uninstall.jumi.sql</file>
        </sql>
    </uninstall>

    <url>
        <linkparts name="fileid" type="sql" default="1" label="FILE" query="SELECT id, title FROM #__jumi" key_field="id" value_field="title" description="PARAMFILE" />
    </url>

    <administration>
        <menu img="components/com_jumi/images/jumi.png">COM_JUMI_MENU</menu>
        <files folder="admin">
            <filename>jumi.php</filename>
            <filename>controller.php</filename>
            <filename>install.jumi.sql</filename>
            <filename>uninstall.jumi.sql</filename>
            <filename>index.html</filename>
            <folder>images</folder>
            <folder>assets</folder>
            <folder>module</folder>
            <folder>plugin</folder>
            <folder>router</folder>
            <folder>views</folder>
            <folder>models</folder>
            <folder>controllers</folder>
        </files>
        <languages folder="admin/language">
            <language tag="en-GB">en-GB/en-GB.com_jumi.ini</language>
            <language tag="en-GB">en-GB/en-GB.com_jumi.sys.ini</language>
            <language tag="ru-RU">ru-RU/ru-RU.com_jumi.ini</language>
            <language tag="ru-RU">ru-RU/ru-RU.com_jumi.sys.ini</language>
            <language tag="cs-CZ">cs_CZ/cs-CZ.com_jumi.ini</language>
            <language tag="cs-CZ">cs_CZ/cs-CZ.com_jumi.sys.ini</language>
            <language tag="hy-AM">hy-AM/hy-AM.com_jumi.ini</language>
            <language tag="hy-AM">hy-AM/hy-AM.com_jumi.sys.ini</language>
            <language tag="es-ES">es-ES/es-ES.com_jumi.ini</language>
            <language tag="es-ES">es-ES/es-ES.com_jumi.sys.ini</language>
        </languages>
    </administration>
</extension>